TARGET_CLASS,configuration_id,criterion,ctg_min_time_per_job,ctg_schedule,search_budget,p_object_pool,ctg_time_per_class,Size,Length,Total_Time,Random_Seed,LineCoverage,LineCoverageBitString,BranchCoverage,BranchCoverageBitString,ExceptionCoverage,ExceptionCoverageBitString,Explicit_MethodExceptions,Explicit_TypeExceptions,Implicit_MethodExceptions,Implicit_TypeExceptions,WeakMutationScore,WeakMutationCoverageBitString,OutputCoverage,OutputCoverageBitString,MethodCoverage,MethodCoverageBitString,MethodNoExceptionCoverage,MethodNoExceptionCoverageBitString,CBranchCoverage,CBranchCoverageBitString
Fatura,default,LINE;BRANCH;EXCEPTION;WEAKMUTATION;OUTPUT;METHOD;METHODNOEXCEPTION;CBRANCH,1,BUDGET,48,0.3,2,81,986,82077,1714647000574,1.0,11111111111111111111111111111111111111111111111111111111111111111111111111111111111111111,1.0,11111111111111111111111111111111111111111111111111,1.0,111111,0,0,6,1,0.9943502824858758,111111111111111111111111111111111111111111111111111111111111111111111111111111111111101111111111111111111111111111111111111111111111111111111111111111111111111111111111111111111,0.9180327868852459,1111111111111111111111101111111111011011111111111111111111010,1.0,11111111111111111111111111,1.0,11111111111111111111111111,1.0,11111111111111111111111111111111111111111111111111
